#LineNumber;LineDesignation;DefaultTransportMode;DefaultTransportModeCode;LastModifiedUtcDateTime;ExistsFromDate
1;1;blåbuss;BUS;2007-08-24 00:00:00.000;2007-08-24 00:00:00.000
1;1;Waxholmsbolagets;SHIP;2009-09-02 00:00:00.000;2009-09-02 00:00:00.000
2;2;blåbuss;BUS;2007-08-24 00:00:00.000;2007-08-24 00:00:00.000
2;2;Waxholmsbolagets;SHIP;2009-09-02 00:00:00.000;2009-09-02 00:00:00.000
3;3;blåbuss;BUS;2007-08-24 00:00:00.000;2007-08-24 00:00:00.000
3;3;Waxholmsbolagets;SHIP;2009-08-29 00:00:00.000;2009-08-29 00:00:00.000
4;4;blåbuss;BUS;2007-08-24 00:00:00.000;2007-08-24 00:00:00.000
4;4;Waxholmsbolagets;SHIP;2009-09-02 00:00:00.000;2009-09-02 00:00:00.000
5;5;Waxholmsbolagets;SHIP;2009-09-02 00:00:00.000;2009-09-02 00:00:00.000
7;7;Spårvagn linje;TRAM;2010-07-27 00:00:00.000;2010-07-27 00:00:00.000
7;7;Waxholmsbolagets;SHIP;2009-08-29 00:00:00.000;2009-08-29 00:00:00.000
8;8;Waxholmsbolagets;SHIP;2009-09-02 00:00:00.000;2009-09-02 00:00:00.000
9;9;Waxholmsbolagets;SHIP;2009-09-02 00:00:00.000;2009-09-02 00:00:00.000
10;10;tunnelbanans blå linje;METRO;2007-08-24 00:00:00.000;2007-08-24 00:00:00.000
11;11;tunnelbanans blå linje;METRO;2007-08-24 00:00:00.000;2007-08-24 00:00:00.000
11;11;Waxholmsbolagets;SHIP;2009-09-02 00:00:00.000;2009-09-02 00:00:00.000
12;12;Nockebybanan;TRAM;2007-08-24 00:00:00.000;2007-08-24 00:00:00.000
12;12;Waxholmsbolagets;SHIP;2009-09-02 00:00:00.000;2009-09-02 00:00:00.000
13;13;tunnelbanans röda linje;METRO;2007-08-24 00:00:00.000;2007-08-24 00:00:00.000
13;13;Waxholmsbolagets;SHIP;2009-09-02 00:00:00.000;2009-09-02 00:00:00.000
14;14;tunnelbanans röda linje;METRO;2007-08-24 00:00:00.000;2007-08-24 00:00:00.000
14;14;Waxholmsbolagets;SHIP;2009-09-02 00:00:00.000;2009-09-02 00:00:00.000
15;15;Waxholmsbolagets;SHIP;2009-09-02 00:00:00.000;2009-09-02 00:00:00.000
16;16;Waxholmsbolagets;SHIP;2009-09-02 00:00:00.000;2009-09-02 00:00:00.000
17;17;tunnelbanans gröna linje;METRO;2007-08-24 00:00:00.000;2007-08-24 00:00:00.000
17;17;Waxholmsbolagets;SHIP;2009-09-02 00:00:00.000;2009-09-02 00:00:00.000
18;18;tunnelbanans gröna linje;METRO;2007-08-24 00:00:00.000;2007-08-24 00:00:00.000
18;18;Waxholmsbolagets;SHIP;2009-09-02 00:00:00.000;2009-09-02 00:00:00.000
19;19;tunnelbanans gröna linje;METRO;2007-08-24 00:00:00.000;2007-08-24 00:00:00.000
19;19;Waxholmsbolagets;SHIP;2009-09-02 00:00:00.000;2009-09-02 00:00:00.000
20;20;Waxholmsbolagets;SHIP;2009-09-02 00:00:00.000;2009-09-02 00:00:00.000
21;21;Lidingöbanan;TRAM;2007-08-24 00:00:00.000;2007-08-24 00:00:00.000
21;21;Waxholmsbolagets;SHIP;2009-09-02 00:00:00.000;2009-09-02 00:00:00.000
22;22;Tvärbanan;TRAM;2007-08-24 00:00:00.000;2007-08-24 00:00:00.000
22;22;Waxholmsbolagets;SHIP;2009-09-02 00:00:00.000;2009-09-02 00:00:00.000
23;23;Waxholmsbolagets;SHIP;2009-09-02 00:00:00.000;2009-09-02 00:00:00.000
24;24;Waxholmsbolagets;SHIP;2009-09-02 00:00:00.000;2009-09-02 00:00:00.000
25;25;Saltsjöbanan;TRAM;2007-08-24 00:00:00.000;2007-08-24 00:00:00.000
25;25;Waxholmsbolagets;SHIP;2009-09-02 00:00:00.000;2009-09-02 00:00:00.000
26;26;Saltsjöbanan;TRAM;2007-08-24 00:00:00.000;2007-08-24 00:00:00.000
26;26;Waxholmsbolagets;SHIP;2009-09-02 00:00:00.000;2009-09-02 00:00:00.000
27;27;Roslagsbanan;TRAM;2007-08-24 00:00:00.000;2007-08-24 00:00:00.000
27;27;Waxholmsbolagets;SHIP;2009-09-02 00:00:00.000;2009-09-02 00:00:00.000
28;28;Roslagsbanan;TRAM;2007-08-24 00:00:00.000;2007-08-24 00:00:00.000
28;28;Waxholmsbolagets;SHIP;2009-09-02 00:00:00.000;2009-09-02 00:00:00.000
29;29;Roslagsbanan;TRAM;2007-08-24 00:00:00.000;2007-08-24 00:00:00.000
29;29;Waxholmsbolagets;SHIP;2009-09-02 00:00:00.000;2009-09-02 00:00:00.000
30;30;Waxholmsbolagets;SHIP;2009-09-02 00:00:00.000;2009-09-02 00:00:00.000
31;31;Waxholmsbolagets;SHIP;2009-09-02 00:00:00.000;2009-09-02 00:00:00.000
33;33;;TRAIN;2009-02-20 00:00:00.000;2009-02-20 00:00:00.000
34;34;;TRAIN;2007-08-24 00:00:00.000;2007-08-24 00:00:00.000
34;34;Waxholmsbolagets;SHIP;2009-09-02 00:00:00.000;2009-09-02 00:00:00.000
35;35;;TRAIN;2007-08-24 00:00:00.000;2007-08-24 00:00:00.000
35;35;Waxholmsbolagets;SHIP;2009-09-02 00:00:00.000;2009-09-02 00:00:00.000
36;36;;TRAIN;2007-08-24 00:00:00.000;2007-08-24 00:00:00.000
36;36;Waxholmsbolagets;SHIP;2009-09-02 00:00:00.000;2009-09-02 00:00:00.000
37;37;;TRAIN;2007-08-24 00:00:00.000;2007-08-24 00:00:00.000
38;38;;TRAIN;2012-08-22 00:00:00.000;2012-08-22 00:00:00.000
38;38;Waxholmsbolagets;SHIP;2009-09-02 00:00:00.000;2009-09-02 00:00:00.000
39;39;;TRAIN;2007-11-08 00:00:00.000;2007-11-08 00:00:00.000
40;40;;BUS;2007-08-24 00:00:00.000;2007-08-24 00:00:00.000
40;40;Waxholmsbolagets;SHIP;2009-09-02 00:00:00.000;2009-09-02 00:00:00.000
41;41;Waxholmsbolagets;SHIP;2009-09-02 00:00:00.000;2009-09-02 00:00:00.000
42;42;;BUS;2007-08-24 00:00:00.000;2007-08-24 00:00:00.000
43;43;;BUS;2007-08-24 00:00:00.000;2007-08-24 00:00:00.000
44;44;;BUS;2007-08-24 00:00:00.000;2007-08-24 00:00:00.000
46;46;Waxholmsbolagets;SHIP;2009-09-02 00:00:00.000;2009-09-02 00:00:00.000
48;48;;BUS;2007-08-24 00:00:00.000;2007-08-24 00:00:00.000
49;49;;BUS;2007-08-24 00:00:00.000;2007-08-24 00:00:00.000
50;50;Waxholmsbolagets;SHIP;2009-09-02 00:00:00.000;2009-09-02 00:00:00.000
51;51;Djurgårdsfärjan;SHIP;2010-03-18 00:00:00.000;2010-03-18 00:00:00.000
52;52;;BUS;2010-07-10 00:00:00.000;2010-07-10 00:00:00.000
52;52;Djurgårdsfärjan;SHIP;2010-04-22 00:00:00.000;2010-04-22 00:00:00.000
53;53;;BUS;2007-08-24 00:00:00.000;2007-08-24 00:00:00.000
53;53;Djurgårdsfärjan;SHIP;2010-04-28 00:00:00.000;2010-04-28 00:00:00.000
54;54;Djurgårdsfärjan;SHIP;2010-04-28 00:00:00.000;2010-04-28 00:00:00.000
55;55;;BUS;2007-08-24 00:00:00.000;2007-08-24 00:00:00.000
56;56;;BUS;2007-08-24 00:00:00.000;2007-08-24 00:00:00.000
59;59;;BUS;2007-08-24 00:00:00.000;2007-08-24 00:00:00.000
62;62;;BUS;2007-08-24 00:00:00.000;2007-08-24 00:00:00.000
65;65;;BUS;2007-08-24 00:00:00.000;2007-08-24 00:00:00.000
66;66;;BUS;2007-08-24 00:00:00.000;2007-08-24 00:00:00.000
69;69;;BUS;2007-08-24 00:00:00.000;2007-08-24 00:00:00.000
70;70;;BUS;2007-08-24 00:00:00.000;2007-08-24 00:00:00.000
71;71;;BUS;2007-08-24 00:00:00.000;2007-08-24 00:00:00.000
72;72;;BUS;2007-08-24 00:00:00.000;2007-08-24 00:00:00.000
73;73;;BUS;2007-08-24 00:00:00.000;2007-08-24 00:00:00.000
74;74;;BUS;2007-08-24 00:00:00.000;2007-08-24 00:00:00.000
76;76;;BUS;2007-08-24 00:00:00.000;2007-08-24 00:00:00.000
77;77;;BUS;2007-08-24 00:00:00.000;2007-08-24 00:00:00.000
80;80;Pendelbåtstrafiken Sjövägen;SHIP;2013-08-19 00:00:00.000;2013-08-19 00:00:00.000
80;80;Waxholmsbolagets;SHIP;2009-09-02 00:00:00.000;2009-09-02 00:00:00.000
90;-;Cinderellabåt;SHIP;2011-05-20 00:00:00.000;2011-05-20 00:00:00.000
91;91;;BUS;2007-08-24 00:00:00.000;2007-08-24 00:00:00.000
94;94;;BUS;2007-08-24 00:00:00.000;2007-08-24 00:00:00.000
96;96;;BUS;2007-08-24 00:00:00.000;2007-08-24 00:00:00.000
101;101;;BUS;2012-08-24 00:00:00.000;2012-08-24 00:00:00.000
102;102;;BUS;2012-08-24 00:00:00.000;2012-08-24 00:00:00.000
110;110;;BUS;2007-08-24 00:00:00.000;2007-08-24 00:00:00.000
112;112;;BUS;2007-08-24 00:00:00.000;2007-08-24 00:00:00.000
113;113;;BUS;2007-08-24 00:00:00.000;2007-08-24 00:00:00.000
114;114;;BUS;2007-08-24 00:00:00.000;2007-08-24 00:00:00.000
115;115;;BUS;2007-08-24 00:00:00.000;2007-08-24 00:00:00.000
116;116;;BUS;2007-08-24 00:00:00.000;2007-08-24 00:00:00.000
117;117;;BUS;2007-08-24 00:00:00.000;2007-08-24 00:00:00.000
118;118;;BUS;2007-08-24 00:00:00.000;2007-08-24 00:00:00.000
119;119;;BUS;2007-08-24 00:00:00.000;2007-08-24 00:00:00.000
124;124;;BUS;2007-08-24 00:00:00.000;2007-08-24 00:00:00.000
127;127;;BUS;2007-08-24 00:00:00.000;2007-08-24 00:00:00.000
133;133;;BUS;2007-08-24 00:00:00.000;2007-08-24 00:00:00.000
134;134;;BUS;2007-08-24 00:00:00.000;2007-08-24 00:00:00.000
135;135;;BUS;2007-08-24 00:00:00.000;2007-08-24 00:00:00.000
141;141;;BUS;2007-08-24 00:00:00.000;2007-08-24 00:00:00.000
142;142;;BUS;2007-08-24 00:00:00.000;2007-08-24 00:00:00.000
143;143;;BUS;2007-08-24 00:00:00.000;2007-08-24 00:00:00.000
144;144;;BUS;2007-08-24 00:00:00.000;2007-08-24 00:00:00.000
147;147;;BUS;2007-08-24 00:00:00.000;2007-08-24 00:00:00.000
151;151;;BUS;2007-08-24 00:00:00.000;2007-08-24 00:00:00.000
152;152;;BUS;2007-08-24 00:00:00.000;2007-08-24 00:00:00.000
153;153;;BUS;2007-08-24 00:00:00.000;2007-08-24 00:00:00.000
154;154;;BUS;2012-11-06 00:00:00.000;2012-11-06 00:00:00.000
155;155;;BUS;2007-08-24 00:00:00.000;2007-08-24 00:00:00.000
156;156;;BUS;2007-08-24 00:00:00.000;2007-08-24 00:00:00.000
157;157;;BUS;2007-08-24 00:00:00.000;2007-08-24 00:00:00.000
158;158;;BUS;2007-08-24 00:00:00.000;2007-08-24 00:00:00.000
160;160;;BUS;2007-08-24 00:00:00.000;2007-08-24 00:00:00.000
161;161;;BUS;2007-08-24 00:00:00.000;2007-08-24 00:00:00.000
163;163;;BUS;2007-08-24 00:00:00.000;2007-08-24 00:00:00.000
164;164;;BUS;2007-08-24 00:00:00.000;2007-08-24 00:00:00.000
165;165;;BUS;2007-08-24 00:00:00.000;2007-08-24 00:00:00.000
167;167;;BUS;2007-08-24 00:00:00.000;2007-08-24 00:00:00.000
168;168;;BUS;2007-08-24 00:00:00.000;2007-08-24 00:00:00.000
172;172;blåbuss;BUS;2007-08-24 00:00:00.000;2007-08-24 00:00:00.000
173;173;blåbuss;BUS;2007-08-24 00:00:00.000;2007-08-24 00:00:00.000
176;176;blåbuss;BUS;2007-08-24 00:00:00.000;2007-08-24 00:00:00.000
177;177;blåbuss;BUS;2007-08-24 00:00:00.000;2007-08-24 00:00:00.000
178;178;blåbuss;BUS;2007-08-24 00:00:00.000;2007-08-24 00:00:00.000
179;179;blåbuss;BUS;2007-08-24 00:00:00.000;2007-08-24 00:00:00.000
180;180;;BUS;2007-08-24 00:00:00.000;2007-08-24 00:00:00.000
181;181;;BUS;2007-08-24 00:00:00.000;2007-08-24 00:00:00.000
182;182;;BUS;2007-08-24 00:00:00.000;2007-08-24 00:00:00.000
183;183;;BUS;2007-08-24 00:00:00.000;2007-08-24 00:00:00.000
184;184;;BUS;2007-08-24 00:00:00.000;2007-08-24 00:00:00.000
185;185;;BUS;2007-08-24 00:00:00.000;2007-08-24 00:00:00.000
188;188;;BUS;2007-08-24 00:00:00.000;2007-08-24 00:00:00.000
190;190;;BUS;2007-08-24 00:00:00.000;2007-08-24 00:00:00.000
191;191;;BUS;2007-08-24 00:00:00.000;2007-08-24 00:00:00.000
192;192;;BUS;2007-08-24 00:00:00.000;2007-08-24 00:00:00.000
193;193;;BUS;2007-08-24 00:00:00.000;2007-08-24 00:00:00.000
194;194;;BUS;2007-08-24 00:00:00.000;2007-08-24 00:00:00.000
195;195;;BUS;2007-08-24 00:00:00.000;2007-08-24 00:00:00.000
196;196;;BUS;2007-08-24 00:00:00.000;2007-08-24 00:00:00.000
197;197;;BUS;2007-08-24 00:00:00.000;2007-08-24 00:00:00.000
198;198;;BUS;2007-08-24 00:00:00.000;2007-08-24 00:00:00.000
199;199;;BUS;2007-08-24 00:00:00.000;2007-08-24 00:00:00.000
201;201;;BUS;2007-08-24 00:00:00.000;2007-08-24 00:00:00.000
202;202;;BUS;2007-08-24 00:00:00.000;2007-08-24 00:00:00.000
203;203;;BUS;2007-08-24 00:00:00.000;2007-08-24 00:00:00.000
204;204;;BUS;2007-08-24 00:00:00.000;2007-08-24 00:00:00.000
205;205;;BUS;2007-08-24 00:00:00.000;2007-08-24 00:00:00.000
206;206;;BUS;2007-08-24 00:00:00.000;2007-08-24 00:00:00.000
207;207;;BUS;2007-08-24 00:00:00.000;2007-08-24 00:00:00.000
211;211;;BUS;2007-08-24 00:00:00.000;2007-08-24 00:00:00.000
212;212;;BUS;2007-08-24 00:00:00.000;2007-08-24 00:00:00.000
221;221;;BUS;2007-08-24 00:00:00.000;2007-08-24 00:00:00.000
222;222;;BUS;2007-08-24 00:00:00.000;2007-08-24 00:00:00.000
225;225;;BUS;2007-08-24 00:00:00.000;2007-08-24 00:00:00.000
233;233;;BUS;2007-08-24 00:00:00.000;2007-08-24 00:00:00.000
242;242;;BUS;2008-04-24 00:00:00.000;2008-04-24 00:00:00.000
282;282;;BUS;2010-03-29 00:00:00.000;2010-03-29 00:00:00.000
282;282;;BUS;2007-08-24 00:00:00.000;2007-08-24 00:00:00.000
291;291;;BUS;2007-08-24 00:00:00.000;2007-08-24 00:00:00.000
293;293;;BUS;2007-08-24 00:00:00.000;2007-08-24 00:00:00.000
298;298;;FERRY;2007-08-24 00:00:00.000;2007-08-24 00:00:00.000
301;301;;BUS;2007-08-24 00:00:00.000;2007-08-24 00:00:00.000
302;302;;BUS;2007-08-24 00:00:00.000;2007-08-24 00:00:00.000
303;303;;BUS;2007-08-24 00:00:00.000;2007-08-24 00:00:00.000
305;305;;BUS;2007-08-24 00:00:00.000;2007-08-24 00:00:00.000
309;309;;BUS;2007-08-24 00:00:00.000;2007-08-24 00:00:00.000
311;311;;BUS;2007-08-24 00:00:00.000;2007-08-24 00:00:00.000
312;312;;BUS;2007-08-24 00:00:00.000;2007-08-24 00:00:00.000
313;313;;BUS;2007-08-24 00:00:00.000;2007-08-24 00:00:00.000
314;314;;BUS;2007-08-24 00:00:00.000;2007-08-24 00:00:00.000
315;315;;BUS;2007-08-24 00:00:00.000;2007-08-24 00:00:00.000
316;316;;BUS;2007-08-24 00:00:00.000;2007-08-24 00:00:00.000
317;317;;BUS;2007-08-24 00:00:00.000;2007-08-24 00:00:00.000
318;318;;BUS;2007-08-24 00:00:00.000;2007-08-24 00:00:00.000
322;322;;BUS;2008-04-29 00:00:00.000;2008-04-29 00:00:00.000
323;323;;BUS;2007-08-24 00:00:00.000;2007-08-24 00:00:00.000
325;325;;BUS;2007-08-24 00:00:00.000;2007-08-24 00:00:00.000
336;336;;BUS;2007-08-24 00:00:00.000;2007-08-24 00:00:00.000
338;338;;BUS;2007-08-24 00:00:00.000;2007-08-24 00:00:00.000
342;342;;BUS;2007-08-24 00:00:00.000;2007-08-24 00:00:00.000
396;396;;BUS;2007-08-24 00:00:00.000;2007-08-24 00:00:00.000
401;401;;BUS;2007-08-24 00:00:00.000;2007-08-24 00:00:00.000
402;402;;BUS;2007-08-24 00:00:00.000;2007-08-24 00:00:00.000
403;403;;BUS;2007-08-24 00:00:00.000;2007-08-24 00:00:00.000
404;404;;BUS;2007-08-24 00:00:00.000;2007-08-24 00:00:00.000
408;408;;BUS;2007-08-24 00:00:00.000;2007-08-24 00:00:00.000
409;409;;BUS;2007-08-24 00:00:00.000;2007-08-24 00:00:00.000
410;410;;BUS;2007-08-24 00:00:00.000;2007-08-24 00:00:00.000
413;413;;BUS;2007-08-24 00:00:00.000;2007-08-24 00:00:00.000
414;414;;BUS;2007-08-24 00:00:00.000;2007-08-24 00:00:00.000
417;417;;BUS;2007-08-24 00:00:00.000;2007-08-24 00:00:00.000
418;418;;BUS;2007-08-24 00:00:00.000;2007-08-24 00:00:00.000
420;420;;BUS;2007-08-24 00:00:00.000;2007-08-24 00:00:00.000
421;421;;BUS;2007-08-24 00:00:00.000;2007-08-24 00:00:00.000
422;422;;BUS;2007-08-24 00:00:00.000;2007-08-24 00:00:00.000
424;424;;BUS;2007-08-24 00:00:00.000;2007-08-24 00:00:00.000
425;425;;BUS;2007-08-24 00:00:00.000;2007-08-24 00:00:00.000
426;426;;BUS;2007-08-24 00:00:00.000;2007-08-24 00:00:00.000
428;428;;BUS;2007-08-24 00:00:00.000;2007-08-24 00:00:00.000
429;429;;BUS;2007-08-24 00:00:00.000;2007-08-24 00:00:00.000
430;430;;BUS;2007-08-24 00:00:00.000;2007-08-24 00:00:00.000
432;432;;BUS;2007-08-24 00:00:00.000;2007-08-24 00:00:00.000
433;433;;BUS;2007-08-24 00:00:00.000;2007-08-24 00:00:00.000
434;434;;BUS;2007-08-24 00:00:00.000;2007-08-24 00:00:00.000
435;435;;BUS;2007-08-24 00:00:00.000;2007-08-24 00:00:00.000
436;436;;BUS;2007-08-24 00:00:00.000;2007-08-24 00:00:00.000
437;437;;BUS;2007-08-24 00:00:00.000;2007-08-24 00:00:00.000
438;438;;BUS;2007-08-24 00:00:00.000;2007-08-24 00:00:00.000
439;439;;BUS;2007-08-24 00:00:00.000;2007-08-24 00:00:00.000
440;440;;BUS;2007-08-24 00:00:00.000;2007-08-24 00:00:00.000
441;441;;BUS;2012-12-09 00:00:00.000;2012-12-09 00:00:00.000
442;442;;BUS;2007-08-24 00:00:00.000;2007-08-24 00:00:00.000
443;443;;BUS;2007-08-24 00:00:00.000;2007-08-24 00:00:00.000
444;444;;BUS;2007-08-24 00:00:00.000;2007-08-24 00:00:00.000
445;445;;BUS;2007-08-24 00:00:00.000;2007-08-24 00:00:00.000
446;446;;BUS;2007-08-24 00:00:00.000;2007-08-24 00:00:00.000
447;447;;BUS;2012-12-09 00:00:00.000;2012-12-09 00:00:00.000
448;448;;BUS;2007-08-24 00:00:00.000;2007-08-24 00:00:00.000
449;449;;BUS;2007-08-24 00:00:00.000;2007-08-24 00:00:00.000
452;452;;BUS;2007-09-18 00:00:00.000;2007-09-18 00:00:00.000
452;452;;BUS;2007-08-24 00:00:00.000;2007-08-24 00:00:00.000
453;453;;BUS;2007-09-18 00:00:00.000;2007-09-18 00:00:00.000
453;453;;BUS;2007-08-24 00:00:00.000;2007-08-24 00:00:00.000
454;454;;BUS;2013-12-15 00:00:00.000;2013-12-15 00:00:00.000
461;461;;BUS;2007-08-24 00:00:00.000;2007-08-24 00:00:00.000
462;462;;BUS;2007-08-24 00:00:00.000;2007-08-24 00:00:00.000
463;463;;BUS;2007-08-24 00:00:00.000;2007-08-24 00:00:00.000
465;465;;BUS;2007-08-24 00:00:00.000;2007-08-24 00:00:00.000
467;467;;BUS;2008-08-18 00:00:00.000;2008-08-18 00:00:00.000
469;469;;BUS;2007-08-24 00:00:00.000;2007-08-24 00:00:00.000
471;471;blåbuss;BUS;2007-08-24 00:00:00.000;2007-08-24 00:00:00.000
474;474;blåbuss;BUS;2007-08-24 00:00:00.000;2007-08-24 00:00:00.000
480;480;;BUS;2013-02-12 00:00:00.000;2013-02-12 00:00:00.000
489;489;;BUS;2012-08-25 00:00:00.000;2012-08-25 00:00:00.000
491;491;;BUS;2007-08-24 00:00:00.000;2007-08-24 00:00:00.000
492;492;;BUS;2007-08-24 00:00:00.000;2007-08-24 00:00:00.000
496;496;;BUS;2007-08-24 00:00:00.000;2007-08-24 00:00:00.000
497;497;;BUS;2007-08-24 00:00:00.000;2007-08-24 00:00:00.000
502;502;;BUS;2012-12-09 00:00:00.000;2012-12-09 00:00:00.000
503;503;;BUS;2007-08-24 00:00:00.000;2007-08-24 00:00:00.000
504;504;;BUS;2007-08-24 00:00:00.000;2007-08-24 00:00:00.000
505;505;;BUS;2007-08-24 00:00:00.000;2007-08-24 00:00:00.000
506;506;;BUS;2007-08-24 00:00:00.000;2007-08-24 00:00:00.000
507;507;;BUS;2007-08-24 00:00:00.000;2007-08-24 00:00:00.000
508;508;;BUS;2007-08-24 00:00:00.000;2007-08-24 00:00:00.000
509;509;;BUS;2007-08-24 00:00:00.000;2007-08-24 00:00:00.000
512;512;;BUS;2009-08-17 00:00:00.000;2009-08-17 00:00:00.000
513;513;;BUS;2007-08-24 00:00:00.000;2007-08-24 00:00:00.000
514;514;;BUS;2007-08-24 00:00:00.000;2007-08-24 00:00:00.000
515;515;;BUS;2007-08-24 00:00:00.000;2007-08-24 00:00:00.000
516;516;;BUS;2007-08-24 00:00:00.000;2007-08-24 00:00:00.000
517;517;;BUS;2007-08-24 00:00:00.000;2007-08-24 00:00:00.000
518;518;;BUS;2007-08-24 00:00:00.000;2007-08-24 00:00:00.000
520;520;;BUS;2007-08-24 00:00:00.000;2007-08-24 00:00:00.000
522;522;;BUS;2007-08-24 00:00:00.000;2007-08-24 00:00:00.000
523;523;;BUS;2007-08-24 00:00:00.000;2007-08-24 00:00:00.000
524;524;;BUS;2007-08-24 00:00:00.000;2007-08-24 00:00:00.000
525;525;;BUS;2007-08-24 00:00:00.000;2007-08-24 00:00:00.000
526;526;;BUS;2007-08-24 00:00:00.000;2007-08-24 00:00:00.000
527;527;;BUS;2007-08-24 00:00:00.000;2007-08-24 00:00:00.000
528;528;;BUS;2008-07-18 00:00:00.000;2008-07-18 00:00:00.000
529;529;;BUS;2007-08-24 00:00:00.000;2007-08-24 00:00:00.000
531;531;;BUS;2007-08-24 00:00:00.000;2007-08-24 00:00:00.000
532;532;;BUS;2007-08-24 00:00:00.000;2007-08-24 00:00:00.000
533;533;;BUS;2007-08-24 00:00:00.000;2007-08-24 00:00:00.000
534;534;;BUS;2007-08-24 00:00:00.000;2007-08-24 00:00:00.000
535;535;;BUS;2007-08-24 00:00:00.000;2007-08-24 00:00:00.000
536;536;;BUS;2007-08-24 00:00:00.000;2007-08-24 00:00:00.000
537;537;;BUS;2007-08-24 00:00:00.000;2007-08-24 00:00:00.000
538;538;;BUS;2007-08-24 00:00:00.000;2007-08-24 00:00:00.000
539;539;;BUS;2007-08-24 00:00:00.000;2007-08-24 00:00:00.000
540;540;;BUS;2007-08-24 00:00:00.000;2007-08-24 00:00:00.000
541;541;;BUS;2007-08-24 00:00:00.000;2007-08-24 00:00:00.000
542;542;;BUS;2007-08-24 00:00:00.000;2007-08-24 00:00:00.000
543;543;;BUS;2007-08-24 00:00:00.000;2007-08-24 00:00:00.000
544;544;;BUS;2007-08-24 00:00:00.000;2007-08-24 00:00:00.000
545;545;;BUS;2007-08-24 00:00:00.000;2007-08-24 00:00:00.000
546;546;;BUS;2007-08-24 00:00:00.000;2007-08-24 00:00:00.000
547;547;;BUS;2007-08-24 00:00:00.000;2007-08-24 00:00:00.000
548;548;;BUS;2007-08-28 00:00:00.000;2007-08-28 00:00:00.000
549;549;;BUS;2008-07-19 00:00:00.000;2008-07-19 00:00:00.000
551;551;;BUS;2007-08-24 00:00:00.000;2007-08-24 00:00:00.000
552;552;;BUS;2007-08-24 00:00:00.000;2007-08-24 00:00:00.000
553;553;;BUS;2007-08-24 00:00:00.000;2007-08-24 00:00:00.000
554;554;;BUS;2007-08-24 00:00:00.000;2007-08-24 00:00:00.000
555;555;;BUS;2007-08-24 00:00:00.000;2007-08-24 00:00:00.000
556;556;;BUS;2007-08-24 00:00:00.000;2007-08-24 00:00:00.000
557;557;;BUS;2007-08-24 00:00:00.000;2007-08-24 00:00:00.000
558;558;;BUS;2007-08-24 00:00:00.000;2007-08-24 00:00:00.000
559;559;;BUS;2007-08-24 00:00:00.000;2007-08-24 00:00:00.000
560;560;;BUS;2007-08-24 00:00:00.000;2007-08-24 00:00:00.000
561;561;;BUS;2007-08-24 00:00:00.000;2007-08-24 00:00:00.000
562;562;;BUS;2007-08-24 00:00:00.000;2007-08-24 00:00:00.000
565;565;;BUS;2007-08-24 00:00:00.000;2007-08-24 00:00:00.000
566;566;;BUS;2007-08-24 00:00:00.000;2007-08-24 00:00:00.000
567;567;;BUS;2007-08-24 00:00:00.000;2007-08-24 00:00:00.000
568;568;;BUS;2007-08-24 00:00:00.000;2007-08-24 00:00:00.000
570;570;;BUS;2007-08-24 00:00:00.000;2007-08-24 00:00:00.000
571;571;;BUS;2007-08-24 00:00:00.000;2007-08-24 00:00:00.000
572;572;;BUS;2010-07-21 00:00:00.000;2010-07-21 00:00:00.000
573;573;;BUS;2007-08-24 00:00:00.000;2007-08-24 00:00:00.000
574;574;;BUS;2007-08-24 00:00:00.000;2007-08-24 00:00:00.000
575;575;;BUS;2007-08-24 00:00:00.000;2007-08-24 00:00:00.000
576;576;;BUS;2007-08-24 00:00:00.000;2007-08-24 00:00:00.000
577;577;;BUS;2007-08-24 00:00:00.000;2007-08-24 00:00:00.000
579;579;;BUS;2011-05-10 00:00:00.000;2011-05-10 00:00:00.000
580;580;;BUS;2007-08-24 00:00:00.000;2007-08-24 00:00:00.000
581;581;;BUS;2007-08-24 00:00:00.000;2007-08-24 00:00:00.000
582;582;;BUS;2007-08-24 00:00:00.000;2007-08-24 00:00:00.000
583;583;;BUS;2007-08-24 00:00:00.000;2007-08-24 00:00:00.000
585;585;;BUS;2007-08-24 00:00:00.000;2007-08-24 00:00:00.000
585;585;;BUS;2007-08-24 00:00:00.000;2007-08-24 00:00:00.000
586;586;;BUS;2007-09-19 00:00:00.000;2007-09-19 00:00:00.000
586;586;;BUS;2007-08-24 00:00:00.000;2007-08-24 00:00:00.000
589;589;;BUS;2007-08-24 00:00:00.000;2007-08-24 00:00:00.000
591;591;;BUS;2007-08-24 00:00:00.000;2007-08-24 00:00:00.000
592;592;;BUS;2007-08-24 00:00:00.000;2007-08-24 00:00:00.000
593;593;;BUS;2009-07-16 00:00:00.000;2009-07-16 00:00:00.000
595;595;;BUS;2007-08-24 00:00:00.000;2007-08-24 00:00:00.000
597;597;;BUS;2007-08-24 00:00:00.000;2007-08-24 00:00:00.000
598;598;;BUS;2007-08-24 00:00:00.000;2007-08-24 00:00:00.000
601;601;;BUS;2007-08-24 00:00:00.000;2007-08-24 00:00:00.000
602;602;;BUS;2007-08-24 00:00:00.000;2007-08-24 00:00:00.000
604;604;;BUS;2007-08-24 00:00:00.000;2007-08-24 00:00:00.000
605;605;;BUS;2007-08-24 00:00:00.000;2007-08-24 00:00:00.000
606;606;;BUS;2007-08-24 00:00:00.000;2007-08-24 00:00:00.000
607;607;;BUS;2007-08-24 00:00:00.000;2007-08-24 00:00:00.000
608;608;;BUS;2007-08-24 00:00:00.000;2007-08-24 00:00:00.000
609;609;;BUS;2007-08-24 00:00:00.000;2007-08-24 00:00:00.000
610;610;;BUS;2007-08-24 00:00:00.000;2007-08-24 00:00:00.000
611;611;;BUS;2007-08-24 00:00:00.000;2007-08-24 00:00:00.000
612;612;;BUS;2009-06-14 00:00:00.000;2009-06-14 00:00:00.000
613;613;;BUS;2007-08-24 00:00:00.000;2007-08-24 00:00:00.000
614;614;;BUS;2007-08-24 00:00:00.000;2007-08-24 00:00:00.000
615;615;;BUS;2007-08-24 00:00:00.000;2007-08-24 00:00:00.000
616;616;;BUS;2007-08-24 00:00:00.000;2007-08-24 00:00:00.000
617;617;;BUS;2007-08-24 00:00:00.000;2007-08-24 00:00:00.000
618;618;;BUS;2007-08-24 00:00:00.000;2007-08-24 00:00:00.000
619;619;;BUS;2007-08-24 00:00:00.000;2007-08-24 00:00:00.000
620;620;;BUS;2007-08-24 00:00:00.000;2007-08-24 00:00:00.000
621;621;;BUS;2007-08-24 00:00:00.000;2007-08-24 00:00:00.000
622;622;;BUS;2007-08-24 00:00:00.000;2007-08-24 00:00:00.000
623;623;;BUS;2007-08-24 00:00:00.000;2007-08-24 00:00:00.000
624;624;;BUS;2007-08-24 00:00:00.000;2007-08-24 00:00:00.000
625;625;;BUS;2007-08-24 00:00:00.000;2007-08-24 00:00:00.000
626;626;;BUS;2007-08-24 00:00:00.000;2007-08-24 00:00:00.000
627;627;;BUS;2007-08-24 00:00:00.000;2007-08-24 00:00:00.000
628;628;;BUS;2007-08-24 00:00:00.000;2007-08-24 00:00:00.000
629;629;;BUS;2007-08-24 00:00:00.000;2007-08-24 00:00:00.000
630;630;;BUS;2007-08-24 00:00:00.000;2007-08-24 00:00:00.000
631;631;;BUS;2007-08-24 00:00:00.000;2007-08-24 00:00:00.000
632;632;;BUS;2007-08-24 00:00:00.000;2007-08-24 00:00:00.000
633;633;;BUS;2007-08-24 00:00:00.000;2007-08-24 00:00:00.000
634;634;;BUS;2007-08-24 00:00:00.000;2007-08-24 00:00:00.000
635;635;;BUS;2010-07-10 00:00:00.000;2010-07-10 00:00:00.000
636;636;;BUS;2007-08-24 00:00:00.000;2007-08-24 00:00:00.000
637;637;;BUS;2007-08-24 00:00:00.000;2007-08-24 00:00:00.000
638;638;;BUS;2007-08-24 00:00:00.000;2007-08-24 00:00:00.000
639;639;;BUS;2007-08-24 00:00:00.000;2007-08-24 00:00:00.000
641;641;;BUS;2007-08-24 00:00:00.000;2007-08-24 00:00:00.000
642;642;;BUS;2007-08-24 00:00:00.000;2007-08-24 00:00:00.000
643;643;;BUS;2007-08-24 00:00:00.000;2007-08-24 00:00:00.000
644;644;;BUS;2007-08-28 00:00:00.000;2007-08-28 00:00:00.000
645;645;;BUS;2007-08-24 00:00:00.000;2007-08-24 00:00:00.000
646;646;;BUS;2007-08-24 00:00:00.000;2007-08-24 00:00:00.000
647;647;;BUS;2007-08-24 00:00:00.000;2007-08-24 00:00:00.000
648;648;;BUS;2007-08-24 00:00:00.000;2007-08-24 00:00:00.000
649;649;;BUS;2007-08-24 00:00:00.000;2007-08-24 00:00:00.000
651;651;;BUS;2007-08-24 00:00:00.000;2007-08-24 00:00:00.000
652;652;;BUS;2007-08-24 00:00:00.000;2007-08-24 00:00:00.000
653;653;;BUS;2007-08-24 00:00:00.000;2007-08-24 00:00:00.000
654;654;;BUS;2007-08-24 00:00:00.000;2007-08-24 00:00:00.000
655;655;;BUS;2007-08-24 00:00:00.000;2007-08-24 00:00:00.000
656;656;;BUS;2007-08-24 00:00:00.000;2007-08-24 00:00:00.000
657;657;;BUS;2007-08-24 00:00:00.000;2007-08-24 00:00:00.000
658;658;;BUS;2007-08-24 00:00:00.000;2007-08-24 00:00:00.000
659;659;;BUS;2007-08-24 00:00:00.000;2007-08-24 00:00:00.000
660;660;;BUS;2007-08-24 00:00:00.000;2007-08-24 00:00:00.000
661;661;;BUS;2007-08-24 00:00:00.000;2007-08-24 00:00:00.000
662;662;;BUS;2007-08-24 00:00:00.000;2007-08-24 00:00:00.000
663;663;;BUS;2007-08-24 00:00:00.000;2007-08-24 00:00:00.000
664;664;;BUS;2009-07-11 00:00:00.000;2009-07-11 00:00:00.000
665;665;;BUS;2007-08-24 00:00:00.000;2007-08-24 00:00:00.000
666;666;;BUS;2007-08-24 00:00:00.000;2007-08-24 00:00:00.000
667;667;;BUS;2007-08-24 00:00:00.000;2007-08-24 00:00:00.000
668;668;;BUS;2007-08-24 00:00:00.000;2007-08-24 00:00:00.000
670;670;blåbuss;BUS;2007-08-24 00:00:00.000;2007-08-24 00:00:00.000
676;676;blåbuss;BUS;2007-08-24 00:00:00.000;2007-08-24 00:00:00.000
677;677;blåbuss;BUS;2008-08-18 00:00:00.000;2008-08-18 00:00:00.000
680;680;;BUS;2007-08-24 00:00:00.000;2007-08-24 00:00:00.000
681;681;;BUS;2007-08-24 00:00:00.000;2007-08-24 00:00:00.000
682;682;;BUS;2007-08-24 00:00:00.000;2007-08-24 00:00:00.000
684;684;;BUS;2007-08-24 00:00:00.000;2007-08-24 00:00:00.000
685;685;;BUS;2008-10-01 00:00:00.000;2008-10-01 00:00:00.000
686;686;;BUS;2009-07-09 00:00:00.000;2009-07-09 00:00:00.000
687;687;;BUS;2010-07-21 00:00:00.000;2010-07-21 00:00:00.000
688;688;;BUS;2007-08-24 00:00:00.000;2007-08-24 00:00:00.000
689;689;;BUS;2010-01-28 00:00:00.000;2010-01-28 00:00:00.000
690;690;;BUS;2007-08-24 00:00:00.000;2007-08-24 00:00:00.000
691;691;;BUS;2007-08-24 00:00:00.000;2007-08-24 00:00:00.000
694;694;;BUS;2007-08-24 00:00:00.000;2007-08-24 00:00:00.000
695;695;;BUS;2007-08-24 00:00:00.000;2007-08-24 00:00:00.000
696;696;;BUS;2011-06-27 00:00:00.000;2011-06-27 00:00:00.000
697;697;;BUS;2007-08-24 00:00:00.000;2007-08-24 00:00:00.000
698;698;;BUS;2007-08-24 00:00:00.000;2007-08-24 00:00:00.000
699;699;;BUS;2007-08-24 00:00:00.000;2007-08-24 00:00:00.000
702;702;;BUS;2007-08-24 00:00:00.000;2007-08-24 00:00:00.000
703;703;;BUS;2007-08-24 00:00:00.000;2007-08-24 00:00:00.000
704;704;;BUS;2007-08-24 00:00:00.000;2007-08-24 00:00:00.000
705;705;;BUS;2007-08-24 00:00:00.000;2007-08-24 00:00:00.000
706;706;;BUS;2007-08-24 00:00:00.000;2007-08-24 00:00:00.000
707;707;;BUS;2007-08-24 00:00:00.000;2007-08-24 00:00:00.000
708;708;;BUS;2007-08-24 00:00:00.000;2007-08-24 00:00:00.000
709;709;;BUS;2007-08-24 00:00:00.000;2007-08-24 00:00:00.000
710;710;;BUS;2007-08-24 00:00:00.000;2007-08-24 00:00:00.000
711;711;;BUS;2007-08-24 00:00:00.000;2007-08-24 00:00:00.000
713;713;;BUS;2007-08-24 00:00:00.000;2007-08-24 00:00:00.000
714;714;;BUS;2008-08-18 00:00:00.000;2008-08-18 00:00:00.000
715;715;;BUS;2007-08-24 00:00:00.000;2007-08-24 00:00:00.000
716;716;;BUS;2007-08-24 00:00:00.000;2007-08-24 00:00:00.000
717;717;;BUS;2007-08-24 00:00:00.000;2007-08-24 00:00:00.000
718;718;;BUS;2007-08-24 00:00:00.000;2007-08-24 00:00:00.000
719;719;;BUS;2007-08-24 00:00:00.000;2007-08-24 00:00:00.000
721;721;;BUS;2007-08-24 00:00:00.000;2007-08-24 00:00:00.000
722;722;;BUS;2007-08-24 00:00:00.000;2007-08-24 00:00:00.000
723;723;;BUS;2007-08-24 00:00:00.000;2007-08-24 00:00:00.000
725;725;;BUS;2007-08-24 00:00:00.000;2007-08-24 00:00:00.000
726;726;;BUS;2007-08-24 00:00:00.000;2007-08-24 00:00:00.000
727;727;;BUS;2007-08-24 00:00:00.000;2007-08-24 00:00:00.000
729;729;;BUS;2007-08-24 00:00:00.000;2007-08-24 00:00:00.000
731;731;;BUS;2007-09-15 00:00:00.000;2007-09-15 00:00:00.000
737;737;;BUS;2007-08-24 00:00:00.000;2007-08-24 00:00:00.000
738;738;;BUS;2007-08-24 00:00:00.000;2007-08-24 00:00:00.000
740;740;;BUS;2007-08-24 00:00:00.000;2007-08-24 00:00:00.000
742;742;;BUS;2007-08-24 00:00:00.000;2007-08-24 00:00:00.000
743;743;;BUS;2007-09-15 00:00:00.000;2007-09-15 00:00:00.000
744;744;;BUS;2007-08-24 00:00:00.000;2007-08-24 00:00:00.000
745;745;;BUS;2007-08-28 00:00:00.000;2007-08-28 00:00:00.000
748;748;;BUS;2007-08-24 00:00:00.000;2007-08-24 00:00:00.000
749;749;;BUS;2012-12-09 00:00:00.000;2012-12-09 00:00:00.000
750;750;;BUS;2007-08-24 00:00:00.000;2007-08-24 00:00:00.000
751;751;;BUS;2007-08-24 00:00:00.000;2007-08-24 00:00:00.000
752;752;;BUS;2012-12-09 00:00:00.000;2012-12-09 00:00:00.000
753;753;;BUS;2007-08-24 00:00:00.000;2007-08-24 00:00:00.000
754;754;;BUS;2007-08-24 00:00:00.000;2007-08-24 00:00:00.000
755;755;;BUS;2007-08-24 00:00:00.000;2007-08-24 00:00:00.000
756;756;;BUS;2007-08-24 00:00:00.000;2007-08-24 00:00:00.000
758;758;;BUS;2012-12-09 00:00:00.000;2012-12-09 00:00:00.000
759;759;;BUS;2012-12-09 00:00:00.000;2012-12-09 00:00:00.000
761;761;;BUS;2012-12-09 00:00:00.000;2012-12-09 00:00:00.000
765;765;;BUS;2007-08-24 00:00:00.000;2007-08-24 00:00:00.000
779;779;;BUS;2007-08-24 00:00:00.000;2007-08-24 00:00:00.000
780;780;;BUS;2007-08-24 00:00:00.000;2007-08-24 00:00:00.000
781;781;;BUS;2007-08-24 00:00:00.000;2007-08-24 00:00:00.000
782;782;;BUS;2007-08-24 00:00:00.000;2007-08-24 00:00:00.000
783;783;;BUS;2007-08-24 00:00:00.000;2007-08-24 00:00:00.000
784;784;;BUS;2007-08-24 00:00:00.000;2007-08-24 00:00:00.000
785;785;;BUS;2008-06-15 00:00:00.000;2008-06-15 00:00:00.000
786;786;;BUS;2007-08-24 00:00:00.000;2007-08-24 00:00:00.000
787;787;;BUS;2007-08-24 00:00:00.000;2007-08-24 00:00:00.000
788;788;;BUS;2007-08-24 00:00:00.000;2007-08-24 00:00:00.000
789;789;;BUS;2007-08-24 00:00:00.000;2007-08-24 00:00:00.000
791;791;;BUS;2007-08-24 00:00:00.000;2007-08-24 00:00:00.000
792;792;;BUS;2007-08-24 00:00:00.000;2007-08-24 00:00:00.000
794;794;;BUS;2007-08-24 00:00:00.000;2007-08-24 00:00:00.000
795;795;;BUS;2007-08-24 00:00:00.000;2007-08-24 00:00:00.000
797;797;;BUS;2007-08-24 00:00:00.000;2007-08-24 00:00:00.000
798;798;;BUS;2007-08-24 00:00:00.000;2007-08-24 00:00:00.000
801;801;;BUS;2007-08-24 00:00:00.000;2007-08-24 00:00:00.000
805;805;;BUS;2007-08-24 00:00:00.000;2007-08-24 00:00:00.000
806;806;;BUS;2007-08-24 00:00:00.000;2007-08-24 00:00:00.000
807;807;;BUS;2007-08-24 00:00:00.000;2007-08-24 00:00:00.000
809;809;;BUS;2007-08-24 00:00:00.000;2007-08-24 00:00:00.000
810;810;;BUS;2007-08-24 00:00:00.000;2007-08-24 00:00:00.000
811;811;;BUS;2007-08-24 00:00:00.000;2007-08-24 00:00:00.000
812;812;;BUS;2007-08-24 00:00:00.000;2007-08-24 00:00:00.000
813;813;;BUS;2007-08-24 00:00:00.000;2007-08-24 00:00:00.000
814;814;;BUS;2013-12-15 00:00:00.000;2013-12-15 00:00:00.000
815;815;;BUS;2007-08-24 00:00:00.000;2007-08-24 00:00:00.000
816;816;;BUS;2007-08-24 00:00:00.000;2007-08-24 00:00:00.000
818;818;;BUS;2007-08-24 00:00:00.000;2007-08-24 00:00:00.000
819;819;;BUS;2007-08-24 00:00:00.000;2007-08-24 00:00:00.000
821;821;;BUS;2007-08-24 00:00:00.000;2007-08-24 00:00:00.000
822;822;;BUS;2007-08-24 00:00:00.000;2007-08-24 00:00:00.000
823;823;;BUS;2007-08-24 00:00:00.000;2007-08-24 00:00:00.000
824;824;;BUS;2007-08-24 00:00:00.000;2007-08-24 00:00:00.000
825;825;;BUS;2007-08-24 00:00:00.000;2007-08-24 00:00:00.000
826;826;;BUS;2007-08-24 00:00:00.000;2007-08-24 00:00:00.000
827;827;;BUS;2007-08-24 00:00:00.000;2007-08-24 00:00:00.000
828;828;;BUS;2007-08-24 00:00:00.000;2007-08-24 00:00:00.000
829;829;;BUS;2007-08-24 00:00:00.000;2007-08-24 00:00:00.000
830;830;;BUS;2007-08-24 00:00:00.000;2007-08-24 00:00:00.000
831;831;;BUS;2007-08-24 00:00:00.000;2007-08-24 00:00:00.000
832;832;;BUS;2007-08-24 00:00:00.000;2007-08-24 00:00:00.000
833;833;;BUS;2007-08-24 00:00:00.000;2007-08-24 00:00:00.000
834;834;;BUS;2007-08-24 00:00:00.000;2007-08-24 00:00:00.000
835;835;;BUS;2007-08-24 00:00:00.000;2007-08-24 00:00:00.000
836;836;;BUS;2007-08-24 00:00:00.000;2007-08-24 00:00:00.000
837;837;;BUS;2007-08-24 00:00:00.000;2007-08-24 00:00:00.000
839;839;;BUS;2007-08-24 00:00:00.000;2007-08-24 00:00:00.000
840;840;;BUS;2007-08-24 00:00:00.000;2007-08-24 00:00:00.000
841;841;;BUS;2007-08-24 00:00:00.000;2007-08-24 00:00:00.000
842;842;;BUS;2007-08-24 00:00:00.000;2007-08-24 00:00:00.000
843;843;;BUS;2007-08-24 00:00:00.000;2007-08-24 00:00:00.000
845;845;;BUS;2007-08-24 00:00:00.000;2007-08-24 00:00:00.000
846;846;;BUS;2007-08-24 00:00:00.000;2007-08-24 00:00:00.000
847;847;;BUS;2007-08-24 00:00:00.000;2007-08-24 00:00:00.000
848;848;;BUS;2007-08-24 00:00:00.000;2007-08-24 00:00:00.000
849;849;;BUS;2007-08-24 00:00:00.000;2007-08-24 00:00:00.000
850;850;;BUS;2007-08-24 00:00:00.000;2007-08-24 00:00:00.000
850;850;;BUS;2007-08-24 00:00:00.000;2007-08-24 00:00:00.000
852;852;;BUS;2007-08-24 00:00:00.000;2007-08-24 00:00:00.000
854;854;;BUS;2007-08-24 00:00:00.000;2007-08-24 00:00:00.000
856;856;;BUS;2007-08-24 00:00:00.000;2007-08-24 00:00:00.000
858;858;;BUS;2007-08-24 00:00:00.000;2007-08-24 00:00:00.000
861;861;;BUS;2007-08-24 00:00:00.000;2007-08-24 00:00:00.000
862;862;;BUS;2009-03-16 00:00:00.000;2009-03-16 00:00:00.000
865;865;;BUS;2007-08-24 00:00:00.000;2007-08-24 00:00:00.000
869;869;;BUS;2007-08-24 00:00:00.000;2007-08-24 00:00:00.000
872;872;blåbuss;BUS;2007-08-24 00:00:00.000;2007-08-24 00:00:00.000
873;873;blåbuss;BUS;2007-08-24 00:00:00.000;2007-08-24 00:00:00.000
875;875;blåbuss;BUS;2007-08-24 00:00:00.000;2007-08-24 00:00:00.000
883;883;;BUS;2007-08-24 00:00:00.000;2007-08-24 00:00:00.000
884;884;;BUS;2007-08-24 00:00:00.000;2007-08-24 00:00:00.000
889;889;;BUS;2007-08-24 00:00:00.000;2007-08-24 00:00:00.000
890;890;;BUS;2007-08-24 00:00:00.000;2007-08-24 00:00:00.000
892;892;;BUS;2007-08-24 00:00:00.000;2007-08-24 00:00:00.000
893;893;;BUS;2007-08-24 00:00:00.000;2007-08-24 00:00:00.000
898;898;;BUS;2010-08-23 00:00:00.000;2010-08-23 00:00:00.000
901;901;Närtrafiken;BUS;2007-08-24 00:00:00.000;2007-08-24 00:00:00.000
903;903;Närtrafiken;BUS;2007-08-24 00:00:00.000;2007-08-24 00:00:00.000
904;904;Närtrafiken;BUS;2007-08-24 00:00:00.000;2007-08-24 00:00:00.000
905;905;Närtrafiken;BUS;2007-08-24 00:00:00.000;2007-08-24 00:00:00.000
906;906;Närtrafiken;BUS;2007-10-16 00:00:00.000;2007-10-16 00:00:00.000
907;907;Närtrafiken;BUS;2007-10-16 00:00:00.000;2007-10-16 00:00:00.000
908;908;Närtrafiken;BUS;2007-08-24 00:00:00.000;2007-08-24 00:00:00.000
909;909;Närtrafiken;BUS;2007-08-24 00:00:00.000;2007-08-24 00:00:00.000
912;12;;BUS;2008-10-25 00:00:00.000;2008-10-25 00:00:00.000
913;13;;BUS;2008-10-25 00:00:00.000;2008-10-25 00:00:00.000
914;914;Närtrafiken;BUS;2008-09-20 00:00:00.000;2008-09-20 00:00:00.000
917;17;;BUS;2008-10-25 00:00:00.000;2008-10-25 00:00:00.000
918;18;;BUS;2008-10-25 00:00:00.000;2008-10-25 00:00:00.000
919;19;Ersättningsbuss;BUS;2008-10-25 00:00:00.000;2008-10-25 00:00:00.000
920;21;Ersättningsbuss;BUS;2008-10-25 00:00:00.000;2008-10-25 00:00:00.000
921;921;Närtrafiken;BUS;2007-08-24 00:00:00.000;2007-08-24 00:00:00.000
922;22;Ersättningsbuss;BUS;2008-10-25 00:00:00.000;2008-10-25 00:00:00.000
923;923;Närtrafiken;BUS;2008-06-04 00:00:00.000;2008-06-04 00:00:00.000
924;14;Ersättningsbuss;BUS;2008-10-25 00:00:00.000;2008-10-25 00:00:00.000
925;25;Ersättningsbuss;BUS;2008-10-25 00:00:00.000;2008-10-25 00:00:00.000
926;26;;BUS;2008-10-25 00:00:00.000;2008-10-25 00:00:00.000
927;27;Ersättningsbuss;BUS;2008-10-25 00:00:00.000;2008-10-25 00:00:00.000
928;28;Ersättningsbuss;BUS;2008-10-25 00:00:00.000;2008-10-25 00:00:00.000
929;29;;BUS;2008-10-25 00:00:00.000;2008-10-25 00:00:00.000
930;10;;BUS;2008-10-25 00:00:00.000;2008-10-25 00:00:00.000
931; ;;BUS;2008-10-25 00:00:00.000;2008-10-25 00:00:00.000
932; ;;BUS;2011-02-25 00:00:00.000;2011-02-25 00:00:00.000
933; ;;BUS;2011-02-25 00:00:00.000;2011-02-25 00:00:00.000
935;35;;BUS;2008-10-25 00:00:00.000;2008-10-25 00:00:00.000
936;36;;BUS;2008-10-25 00:00:00.000;2008-10-25 00:00:00.000
937;37;;BUS;2008-10-25 00:00:00.000;2008-10-25 00:00:00.000
940; ;;FERRY;2007-08-24 00:00:00.000;2007-08-24 00:00:00.000
941; ;;FERRY;2007-08-24 00:00:00.000;2007-08-24 00:00:00.000
942; ;;FERRY;2007-08-24 00:00:00.000;2007-08-24 00:00:00.000
943; ;;FERRY;2012-08-14 00:00:00.000;2012-08-14 00:00:00.000
951;951;Närtrafiken;BUS;2007-08-24 00:00:00.000;2007-08-24 00:00:00.000
952;952;Närtrafiken;BUS;2007-08-24 00:00:00.000;2007-08-24 00:00:00.000
953;953;Närtrafiken;BUS;2007-08-24 00:00:00.000;2007-08-24 00:00:00.000
955;955;Närtrafiken;BUS;2007-08-24 00:00:00.000;2007-08-24 00:00:00.000
959;959;Närtrafiken;BUS;2007-08-24 00:00:00.000;2007-08-24 00:00:00.000
961;961;Närtrafiken;BUS;2007-08-24 00:00:00.000;2007-08-24 00:00:00.000
962;27;Ersättningsbuss;BUS;2013-11-22 00:00:00.000;2013-11-22 00:00:00.000
963;28;Ersättningsbuss;BUS;2013-11-22 00:00:00.000;2013-11-22 00:00:00.000
964;28;Ersättningsbuss;BUS;2013-11-22 00:00:00.000;2013-11-22 00:00:00.000
968;968;;BUS;2008-11-13 00:00:00.000;2008-11-13 00:00:00.000
969;969;Närtrafiken;BUS;2007-08-24 00:00:00.000;2007-08-24 00:00:00.000
970;7;;BUS;2013-09-14 00:00:00.000;2013-09-14 00:00:00.000
971;971;Närtrafiken;BUS;2008-09-10 00:00:00.000;2008-09-10 00:00:00.000
972;972;Närtrafiken;BUS;2008-09-10 00:00:00.000;2008-09-10 00:00:00.000
978;978;Närtrafiken;BUS;2007-08-24 00:00:00.000;2007-08-24 00:00:00.000
979;979;Närtrafiken;BUS;2007-08-24 00:00:00.000;2007-08-24 00:00:00.000
980;LT502;;BUS;2007-08-24 00:00:00.000;2007-08-24 00:00:00.000
981;981;Närtrafiken;BUS;2007-08-24 00:00:00.000;2007-08-24 00:00:00.000
982;38;Ersättningsbuss;BUS;2013-02-16 00:00:00.000;2013-02-16 00:00:00.000
982;982;;BUS;2007-08-24 00:00:00.000;2007-08-24 00:00:00.000
983;37;Ersättningsbuss;BUS;2009-09-11 00:00:00.000;2009-09-11 00:00:00.000
986;35;Ersättningsbuss;BUS;2007-08-24 00:00:00.000;2007-08-24 00:00:00.000
987;36;Ersättningsbuss;BUS;2007-11-29 00:00:00.000;2007-11-29 00:00:00.000
990;UL857;;BUS;2008-08-18 00:00:00.000;2008-08-18 00:00:00.000
991;803;;BUS;2007-08-24 00:00:00.000;2007-08-24 00:00:00.000
992;807;;BUS;2007-08-24 00:00:00.000;2007-08-24 00:00:00.000
993;UL808;;BUS;2007-08-24 00:00:00.000;2007-08-24 00:00:00.000
994;UL806;;BUS;2007-08-24 00:00:00.000;2007-08-24 00:00:00.000
995;UL805;;BUS;2007-08-24 00:00:00.000;2007-08-24 00:00:00.000
996;UL183;;BUS;2007-08-24 00:00:00.000;2007-08-24 00:00:00.000
997;UL801;;BUS;2010-09-09 00:00:00.000;2010-09-09 00:00:00.000
998;870;;BUS;2007-08-24 00:00:00.000;2007-08-24 00:00:00.000
9001;9001;;TRAIN;2010-11-04 00:00:00.000;2010-11-04 00:00:00.000
9002;9002;;TRAIN;2010-11-04 00:00:00.000;2010-11-04 00:00:00.000
9003;9003;;TRAIN;2010-11-04 00:00:00.000;2010-11-04 00:00:00.000
9004;9004;;TRAIN;2010-11-04 00:00:00.000;2010-11-04 00:00:00.000
9998;9998;;TRAIN;2010-06-15 00:00:00.000;2010-06-15 00:00:00.000