01011;Slussen;1011;59.3195952317958;18.0717401337080;A;METROSTN;2014-06-03 00:00:00.000;2014-06-03 00:00:00.000
01012;Slussen;1011;59.3195772927204;18.0717389396459;A;METROSTN;2014-06-03 00:00:00.000;2014-06-03 00:00:00.000
01021;Gamla stan;1021;59.3234014331035;18.0671617033001;A;METROSTN;2014-06-03 00:00:00.000;2014-06-03 00:00:00.000
01022;Gamla stan;1021;59.3233921589772;18.0671786573592;A;METROSTN;2014-06-03 00:00:00.000;2014-06-03 00:00:00.000
01051;T-Centralen;1051;59.3313179695028;18.0616773959365;A;METROSTN;2014-06-03 00:00:00.000;2014-06-03 00:00:00.000
01052;T-Centralen;1051;59.3313353009636;18.0617136935249;A;METROSTN;2014-06-03 00:00:00.000;2014-06-03 00:00:00.000
01111;Hötorget;1111;59.3356060415282;18.0629635851674;A;METROSTN;2014-06-03 00:00:00.000;2014-06-03 00:00:00.000
01112;Hötorget;1111;59.3356150110979;18.0629641802656;A;METROSTN;2014-06-03 00:00:00.000;2014-06-03 00:00:00.000
01121;Rådmansgatan;1121;59.3408840007015;18.0578994257094;A;METROSTN;2014-06-03 00:00:00.000;2014-06-03 00:00:00.000
01122;Rådmansgatan;1121;59.3408747277353;18.0579163909249;A;METROSTN;2014-06-03 00:00:00.000;2014-06-03 00:00:00.000
01131;Odenplan;1131;59.3427594713838;18.0486006570919;A;METROSTN;2014-06-03 00:00:00.000;2014-06-03 00:00:00.000
01132;Odenplan;1131;59.3427666282387;18.0487066097207;A;METROSTN;2014-06-03 00:00:00.000;2014-06-03 00:00:00.000
01141;S:t Eriksplan;1141;59.3402934026792;18.0374161430336;A;METROSTN;2014-06-03 00:00:00.000;2014-06-03 00:00:00.000
01142;S:t Eriksplan;1141;59.3402844329592;18.0374155545597;A;METROSTN;2014-06-03 00:00:00.000;2014-06-03 00:00:00.000
01151;Fridhemsplan;1151;59.3329774570606;18.0314880483801;A;METROSTN;2014-06-03 00:00:00.000;2014-06-03 00:00:00.000
01152;Fridhemsplan;1151;59.3330474163996;18.0315980746036;A;METROSTN;2014-06-03 00:00:00.000;2014-06-03 00:00:00.000
01161;Thorildsplan;1161;59.3314927232727;18.0158378154947;A;METROSTN;2014-06-03 00:00:00.000;2014-06-03 00:00:00.000
01162;Thorildsplan;1161;59.3315010977738;18.0158735076154;A;METROSTN;2014-06-03 00:00:00.000;2014-06-03 00:00:00.000
01171;Kristineberg;1171;59.3327224102678;18.0031233049855;A;METROSTN;2014-06-03 00:00:00.000;2014-06-03 00:00:00.000
01172;Kristineberg;1171;59.3327232981679;18.0030706383360;A;METROSTN;2014-06-03 00:00:00.000;2014-06-03 00:00:00.000
01201;Alvik;1201;59.3335280089945;17.9813295834273;A;METROSTN;2014-06-03 00:00:00.000;2014-06-03 00:00:00.000
01202;Alvik;1201;59.3335288880974;17.9812769147661;A;METROSTN;2014-06-03 00:00:00.000;2014-06-03 00:00:00.000
01211;Stora mossen;1211;59.3346646732361;17.9653558320959;A;METROSTN;2014-06-03 00:00:00.000;2014-06-03 00:00:00.000
01212;Stora mossen;1211;59.3346739342857;17.9653388444492;A;METROSTN;2014-06-03 00:00:00.000;2014-06-03 00:00:00.000
01221;Abrahamsberg;1221;59.3365630909855;17.9531728536484;A;METROSTN;2014-06-03 00:00:00.000;2014-06-03 00:00:00.000
01222;Abrahamsberg;1221;59.3365630909855;17.9531728536484;A;METROSTN;2014-06-03 00:00:00.000;2014-06-03 00:00:00.000
01231;Brommaplan;1231;59.3382848826814;17.9396416118668;A;METROSTN;2014-06-03 00:00:00.000;2014-06-03 00:00:00.000
01232;Brommaplan;1231;59.3382848826814;17.9396416118668;A;METROSTN;2014-06-03 00:00:00.000;2014-06-03 00:00:00.000
01241;Åkeshov;1241;59.3417679846642;17.9270450567812;A;METROSTN;2014-06-03 00:00:00.000;2014-06-03 00:00:00.000
01242;Åkeshov;1241;59.3417483293633;17.9271493044769;A;METROSTN;2014-06-03 00:00:00.000;2014-06-03 00:00:00.000
01243;Åkeshov;1241;59.3418263786468;17.9267674352208;A;METROSTN;2014-06-03 00:00:00.000;2014-06-03 00:00:00.000
01244;Åkeshov;1241;59.3417486151278;17.9271317433921;A;METROSTN;2014-06-03 00:00:00.000;2014-06-03 00:00:00.000
01251;Ängbyplan;1251;59.3419565156307;17.9070871163572;A;METROSTN;2014-06-03 00:00:00.000;2014-06-03 00:00:00.000
01252;Ängbyplan;1251;59.3419461297905;17.9071743692725;A;METROSTN;2014-06-03 00:00:00.000;2014-06-03 00:00:00.000
01261;Islandstorget;1261;59.3459947012697;17.8932718445772;A;METROSTN;2014-06-03 00:00:00.000;2014-06-03 00:00:00.000
01262;Islandstorget;1261;59.3459955449046;17.8932191536005;A;METROSTN;2014-06-03 00:00:00.000;2014-06-03 00:00:00.000
01271;Blackeberg;1271;59.3483700573461;17.8828507976348;A;METROSTN;2014-06-03 00:00:00.000;2014-06-03 00:00:00.000
01272;Blackeberg;1271;59.3483700573461;17.8828507976348;A;METROSTN;2014-06-03 00:00:00.000;2014-06-03 00:00:00.000
01281;Råcksta;1281;59.3545134760031;17.8816258413569;A;METROSTN;2014-06-03 00:00:00.000;2014-06-03 00:00:00.000
01282;Råcksta;1281;59.3544955347674;17.8816247459346;A;METROSTN;2014-06-03 00:00:00.000;2014-06-03 00:00:00.000
01301;Vällingby;1301;59.3632773225026;17.8720117901697;A;METROSTN;2014-06-03 00:00:00.000;2014-06-03 00:00:00.000
01302;Vällingby;1301;59.3632683518425;17.8720112448046;A;METROSTN;2014-06-03 00:00:00.000;2014-06-03 00:00:00.000
01303;Vällingby;1301;59.3632036083637;17.8721304367560;A;METROSTN;2014-06-03 00:00:00.000;2014-06-03 00:00:00.000
01304;Vällingby;1301;59.3632218280982;17.8721139547530;A;METROSTN;2014-06-03 00:00:00.000;2014-06-03 00:00:00.000
01311;Johannelund;1311;59.3679232409668;17.8581326256469;A;METROSTN;2014-06-03 00:00:00.000;2014-06-03 00:00:00.000
01312;Johannelund;1311;59.3679229644215;17.8581502010255;A;METROSTN;2014-06-03 00:00:00.000;2014-06-03 00:00:00.000
01321;Hässelby gård;1321;59.3670448853005;17.8442877712687;A;METROSTN;2014-06-03 00:00:00.000;2014-06-03 00:00:00.000
01322;Hässelby gård;1321;59.3670701496289;17.8443948361943;A;METROSTN;2014-06-03 00:00:00.000;2014-06-03 00:00:00.000
01331;Hässelby strand;1331;59.3617428105017;17.8324667161437;A;METROSTN;2014-06-03 00:00:00.000;2014-06-03 00:00:00.000
01332;Hässelby strand;1331;59.3617428105017;17.8324667161437;A;METROSTN;2014-06-03 00:00:00.000;2014-06-03 00:00:00.000
01511;Medborgarplatsen;1511;59.3148923778042;18.0726216304905;A;METROSTN;2014-06-03 00:00:00.000;2014-06-03 00:00:00.000
01512;Medborgarplatsen;1511;59.3149016526150;18.0726046821095;A;METROSTN;2014-06-03 00:00:00.000;2014-06-03 00:00:00.000
01521;Skanstull;1521;59.3084969588188;18.0758138335239;A;METROSTN;2014-06-03 00:00:00.000;2014-06-03 00:00:00.000
01522;Skanstull;1521;59.3085062340285;18.0757968891643;A;METROSTN;2014-06-03 00:00:00.000;2014-06-03 00:00:00.000
01551;Gullmarsplan;1551;59.2991845844650;18.0809698510140;A;METROSTN;2014-06-03 00:00:00.000;2014-06-03 00:00:00.000
01552;Gullmarsplan;1551;59.2991663390987;18.0809861903913;A;METROSTN;2014-06-03 00:00:00.000;2014-06-03 00:00:00.000
01553;Gullmarsplan;1551;59.2991394305727;18.0809843934510;A;METROSTN;2014-06-03 00:00:00.000;2014-06-03 00:00:00.000
01554;Gullmarsplan;1551;59.2991301547131;18.0810013317830;A;METROSTN;2014-06-03 00:00:00.000;2014-06-03 00:00:00.000
01601;Skärmarbrink;1601;59.2952665051917;18.0903639324155;A;METROSTN;2014-06-03 00:00:00.000;2014-06-03 00:00:00.000
01602;Skärmarbrink;1601;59.2952665051917;18.0903639324155;A;METROSTN;2014-06-03 00:00:00.000;2014-06-03 00:00:00.000
01603;Skärmarbrink;1601;59.2952850592988;18.0903300646900;A;METROSTN;2014-06-03 00:00:00.000;2014-06-03 00:00:00.000
01604;Skärmarbrink;1601;59.2952757822463;18.0903469985574;A;METROSTN;2014-06-03 00:00:00.000;2014-06-03 00:00:00.000
01611;Globen;1611;59.2942434517140;18.0780066563990;A;METROSTN;2014-06-03 00:00:00.000;2014-06-03 00:00:00.000
01612;Globen;1611;59.2942521153130;18.0780247893166;A;METROSTN;2014-06-03 00:00:00.000;2014-06-03 00:00:00.000
01621;Enskede gård;1621;59.2890605223369;18.0703592697820;A;METROSTN;2014-06-03 00:00:00.000;2014-06-03 00:00:00.000
01622;Enskede gård;1621;59.2889965156478;18.0704252270884;A;METROSTN;2014-06-03 00:00:00.000;2014-06-03 00:00:00.000
01631;Sockenplan;1631;59.2836097046030;18.0708746681109;A;METROSTN;2014-06-03 00:00:00.000;2014-06-03 00:00:00.000
01632;Sockenplan;1631;59.2836360034953;18.0709115148968;A;METROSTN;2014-06-03 00:00:00.000;2014-06-03 00:00:00.000
01641;Svedmyra;1641;59.2780209787806;18.0679591281672;A;METROSTN;2014-06-03 00:00:00.000;2014-06-03 00:00:00.000
01642;Svedmyra;1641;59.2780033440723;18.0679404114574;A;METROSTN;2014-06-03 00:00:00.000;2014-06-03 00:00:00.000
01651;Stureby;1651;59.2746253315278;18.0555927213696;A;METROSTN;2014-06-03 00:00:00.000;2014-06-03 00:00:00.000
01652;Stureby;1651;59.2746324840486;18.0556984632271;A;METROSTN;2014-06-03 00:00:00.000;2014-06-03 00:00:00.000
01661;Bandhagen;1661;59.2704172546190;18.0496663734483;A;METROSTN;2014-06-03 00:00:00.000;2014-06-03 00:00:00.000
01662;Bandhagen;1661;59.2703906474368;18.0496470803429;A;METROSTN;2014-06-03 00:00:00.000;2014-06-03 00:00:00.000
01701;Högdalen;1701;59.2637694810849;18.0430377645113;A;METROSTN;2014-06-03 00:00:00.000;2014-06-03 00:00:00.000
01702;Högdalen;1701;59.2636992283806;18.0429454613986;A;METROSTN;2014-06-03 00:00:00.000;2014-06-03 00:00:00.000
01703;Högdalen;1701;59.2636992283806;18.0429454613986;A;METROSTN;2014-06-03 00:00:00.000;2014-06-03 00:00:00.000
01704;Högdalen;1701;59.2639853583512;18.0430168411920;A;METROSTN;2014-06-03 00:00:00.000;2014-06-03 00:00:00.000
01711;Rågsved;1711;59.2567278828953;18.0284423903572;A;METROSTN;2014-06-03 00:00:00.000;2014-06-03 00:00:00.000
01712;Rågsved;1711;59.2566677858854;18.0282806560788;A;METROSTN;2014-06-03 00:00:00.000;2014-06-03 00:00:00.000
01721;Hagsätra;1721;59.2616540154908;18.0133647845506;A;METROSTN;2014-06-03 00:00:00.000;2014-06-03 00:00:00.000
01722;Hagsätra;1721;59.2622146107555;18.0131379777607;A;METROSTN;2014-06-03 00:00:00.000;2014-06-03 00:00:00.000
01811;Blåsut;1811;59.2911845751744;18.0911610763079;A;METROSTN;2014-06-03 00:00:00.000;2014-06-03 00:00:00.000
01812;Blåsut;1811;59.2911490050422;18.0911411373577;A;METROSTN;2014-06-03 00:00:00.000;2014-06-03 00:00:00.000
01821;Sandsborg;1821;59.2856752641236;18.0919325152121;A;METROSTN;2014-06-03 00:00:00.000;2014-06-03 00:00:00.000
01822;Sandsborg;1821;59.2856752641236;18.0919325152121;A;METROSTN;2014-06-03 00:00:00.000;2014-06-03 00:00:00.000
01831;Skogskyrkogården;1831;59.2789670265301;18.0955186440715;A;METROSTN;2014-06-03 00:00:00.000;2014-06-03 00:00:00.000
01832;Skogskyrkogården;1831;59.2789670265301;18.0955186440715;A;METROSTN;2014-06-03 00:00:00.000;2014-06-03 00:00:00.000
01841;Tallkrogen;1841;59.2712662580554;18.0855632676107;A;METROSTN;2014-06-03 00:00:00.000;2014-06-03 00:00:00.000
01842;Tallkrogen;1841;59.2712489327700;18.0855270227248;A;METROSTN;2014-06-03 00:00:00.000;2014-06-03 00:00:00.000
01851;Gubbängen;1851;59.2633249972723;18.0821386289724;A;METROSTN;2014-06-03 00:00:00.000;2014-06-03 00:00:00.000
01852;Gubbängen;1851;59.2633249972723;18.0821386289724;A;METROSTN;2014-06-03 00:00:00.000;2014-06-03 00:00:00.000
01861;Hökarängen;1861;59.2579307022309;18.0824977977387;A;METROSTN;2014-06-03 00:00:00.000;2014-06-03 00:00:00.000
01862;Hökarängen;1861;59.2579214262491;18.0825147154585;A;METROSTN;2014-06-03 00:00:00.000;2014-06-03 00:00:00.000
01871;Farsta;1871;59.2448136772657;18.0925792576126;A;METROSTN;2014-06-03 00:00:00.000;2014-06-03 00:00:00.000
01872;Farsta;1871;59.2447406901976;18.0926444886874;A;METROSTN;2014-06-03 00:00:00.000;2014-06-03 00:00:00.000
01881;Farsta strand;1881;59.2355276839029;18.1012808998205;A;METROSTN;2014-06-03 00:00:00.000;2014-06-03 00:00:00.000
01882;Farsta strand;1881;59.2355790295960;18.1014245520783;A;METROSTN;2014-06-03 00:00:00.000;2014-06-03 00:00:00.000
01911;Hammarbyhöjden;1911;59.2947468751046;18.1045842465346;A;METROSTN;2014-06-03 00:00:00.000;2014-06-03 00:00:00.000
01912;Hammarbyhöjden;1911;59.2947478036316;18.1045316422299;A;METROSTN;2014-06-03 00:00:00.000;2014-06-03 00:00:00.000
01921;Björkhagen;1921;59.2916379461619;18.1153458345701;A;METROSTN;2014-06-03 00:00:00.000;2014-06-03 00:00:00.000
01922;Björkhagen;1921;59.2916651650232;18.1153301250471;A;METROSTN;2014-06-03 00:00:00.000;2014-06-03 00:00:00.000
01931;Kärrtorp;1931;59.2844869642383;18.1144927799517;A;METROSTN;2014-06-03 00:00:00.000;2014-06-03 00:00:00.000
01932;Kärrtorp;1931;59.2845321216461;18.1144782877879;A;METROSTN;2014-06-03 00:00:00.000;2014-06-03 00:00:00.000
01941;Bagarmossen;1941;59.2768259416979;18.1322049162886;A;METROSTN;2014-06-03 00:00:00.000;2014-06-03 00:00:00.000
01942;Bagarmossen;1941;59.2768445064740;18.1321710896787;A;METROSTN;2014-06-03 00:00:00.000;2014-06-03 00:00:00.000
01951;Skarpnäck;1951;59.2674273060070;18.1335110441424;A;METROSTN;2014-06-03 00:00:00.000;2014-06-03 00:00:00.000
01952;Skarpnäck;1951;59.2667568074159;18.1333425025773;A;METROSTN;2014-06-03 00:00:00.000;2014-06-03 00:00:00.000
02011;Slussen;1011;59.3195098085389;18.0714884925526;A;METROSTN;2014-06-03 00:00:00.000;2014-06-03 00:00:00.000
02012;Slussen;1011;59.3194556861668;18.0715024586738;A;METROSTN;2014-06-03 00:00:00.000;2014-06-03 00:00:00.000
02021;Gamla stan;1021;59.3231858590775;18.0671649513016;A;METROSTN;2014-06-03 00:00:00.000;2014-06-03 00:00:00.000
02022;Gamla stan;1021;59.3231676153901;18.0671813093383;A;METROSTN;2014-06-03 00:00:00.000;2014-06-03 00:00:00.000
02051;T-Centralen;1051;59.3312699247235;18.0613403000395;A;METROSTN;2014-06-03 00:00:00.000;2014-06-03 00:00:00.000
02052;T-Centralen;1051;59.3313401623502;18.0614328273062;A;METROSTN;2014-06-03 00:00:00.000;2014-06-03 00:00:00.000
02101;Östermalmstorg;2101;59.3349688288931;18.0763846822514;A;METROSTN;2014-06-03 00:00:00.000;2014-06-03 00:00:00.000
02102;Östermalmstorg;2101;59.3349688288931;18.0763846822514;A;METROSTN;2014-06-03 00:00:00.000;2014-06-03 00:00:00.000
02111;Karlaplan;2111;59.3389882957986;18.0919988929416;A;METROSTN;2014-06-03 00:00:00.000;2014-06-03 00:00:00.000
02112;Karlaplan;2111;59.3389882957986;18.0919988929416;A;METROSTN;2014-06-03 00:00:00.000;2014-06-03 00:00:00.000
02121;Gärdet;2121;59.3451607693221;18.0989717802474;A;METROSTN;2014-06-03 00:00:00.000;2014-06-03 00:00:00.000
02122;Gärdet;2121;59.3451783990697;18.0989905507094;A;METROSTN;2014-06-03 00:00:00.000;2014-06-03 00:00:00.000
02131;Ropsten;2131;59.3574988438994;18.1030754913324;A;METROSTN;2014-06-03 00:00:00.000;2014-06-03 00:00:00.000
02132;Ropsten;2131;59.3574035907760;18.1023655334233;A;METROSTN;2014-06-03 00:00:00.000;2014-06-03 00:00:00.000
02211;Stadion;2211;59.3408076157474;18.0819427479138;A;METROSTN;2014-06-03 00:00:00.000;2014-06-03 00:00:00.000
02212;Stadion;2211;59.3407986463025;18.0819421476895;A;METROSTN;2014-06-03 00:00:00.000;2014-06-03 00:00:00.000
02221;Tekniska högskolan;2221;59.3465411447573;18.0693156587543;A;METROSTN;2014-06-03 00:00:00.000;2014-06-03 00:00:00.000
02222;Tekniska högskolan;2221;59.3465408398297;18.0693332206442;A;METROSTN;2014-06-03 00:00:00.000;2014-06-03 00:00:00.000
02231;Universitetet;2231;59.3653610179870;18.0548947967027;A;METROSTN;2014-06-03 00:00:00.000;2014-06-03 00:00:00.000
02232;Universitetet;2231;59.3653520484087;18.0548942030299;A;METROSTN;2014-06-03 00:00:00.000;2014-06-03 00:00:00.000
02241;Bergshamra;2241;59.3807370943552;18.0374860876312;A;METROSTN;2014-06-03 00:00:00.000;2014-06-03 00:00:00.000
02242;Bergshamra;2241;59.3807188542825;18.0375024886927;A;METROSTN;2014-06-03 00:00:00.000;2014-06-03 00:00:00.000
02251;Danderyds sjukhus;2251;59.3905058082911;18.0417548416149;A;METROSTN;2014-06-03 00:00:00.000;2014-06-03 00:00:00.000
02252;Danderyds sjukhus;2251;59.3907288434582;18.0418399519128;A;METROSTN;2014-06-03 00:00:00.000;2014-06-03 00:00:00.000
02301;Mörby centrum;2301;59.3983196270836;18.0364235120228;A;METROSTN;2014-06-03 00:00:00.000;2014-06-03 00:00:00.000
02302;Mörby centrum;2301;59.3982038728158;18.0368913403574;A;METROSTN;2014-06-03 00:00:00.000;2014-06-03 00:00:00.000
02511;Mariatorget;2511;59.3170143739070;18.0621173620111;A;METROSTN;2014-06-03 00:00:00.000;2014-06-03 00:00:00.000
02512;Mariatorget;2511;59.3170143739070;18.0621173620111;A;METROSTN;2014-06-03 00:00:00.000;2014-06-03 00:00:00.000
02521;Zinkensdamm;2521;59.3177049160947;18.0496904097639;A;METROSTN;2014-06-03 00:00:00.000;2014-06-03 00:00:00.000
02522;Zinkensdamm;2521;59.3177046138990;18.0497079570178;A;METROSTN;2014-06-03 00:00:00.000;2014-06-03 00:00:00.000
02531;Hornstull;2531;59.3159632980205;18.0355402102693;A;METROSTN;2014-06-03 00:00:00.000;2014-06-03 00:00:00.000
02532;Hornstull;2531;59.3159298211534;18.0353974885541;A;METROSTN;2014-06-03 00:00:00.000;2014-06-03 00:00:00.000
02601;Liljeholmen;2601;59.3107413850728;18.0231848932682;A;METROSTN;2014-06-03 00:00:00.000;2014-06-03 00:00:00.000
02602;Liljeholmen;2601;59.3107069986744;18.0230948372980;A;METROSTN;2014-06-03 00:00:00.000;2014-06-03 00:00:00.000
02603;Liljeholmen;2601;59.3107069986744;18.0230948372980;A;METROSTN;2014-06-03 00:00:00.000;2014-06-03 00:00:00.000
02604;Liljeholmen;2601;59.3106468969671;18.0229328538018;A;METROSTN;2014-06-03 00:00:00.000;2014-06-03 00:00:00.000
02605;Liljeholmen;2601;59.3106382256871;18.0229147259012;A;METROSTN;2014-06-03 00:00:00.000;2014-06-03 00:00:00.000
02611;Aspudden;2611;59.3063615665497;18.0018439972976;A;METROSTN;2014-06-03 00:00:00.000;2014-06-03 00:00:00.000
02612;Aspudden;2611;59.3063624536944;18.0017913713571;A;METROSTN;2014-06-03 00:00:00.000;2014-06-03 00:00:00.000
02621;Örnsberg;2621;59.3054346744698;17.9891406576894;A;METROSTN;2014-06-03 00:00:00.000;2014-06-03 00:00:00.000
02622;Örnsberg;2621;59.3054259984142;17.9891225410922;A;METROSTN;2014-06-03 00:00:00.000;2014-06-03 00:00:00.000
02631;Axelsberg;2631;59.3043773365361;17.9755693156565;A;METROSTN;2014-06-03 00:00:00.000;2014-06-03 00:00:00.000
02632;Axelsberg;2631;59.3043790895455;17.9754640680616;A;METROSTN;2014-06-03 00:00:00.000;2014-06-03 00:00:00.000
02641;Mälarhöjden;2641;59.3012518260086;17.9577418116070;A;METROSTN;2014-06-03 00:00:00.000;2014-06-03 00:00:00.000
02642;Mälarhöjden;2641;59.3012171040453;17.9576693858726;A;METROSTN;2014-06-03 00:00:00.000;2014-06-03 00:00:00.000
02651;Bredäng;2651;59.2948025999799;17.9360054919783;A;METROSTN;2014-06-03 00:00:00.000;2014-06-03 00:00:00.000
02652;Bredäng;2651;59.2948020263333;17.9360405655615;A;METROSTN;2014-06-03 00:00:00.000;2014-06-03 00:00:00.000
02701;Sätra;2701;59.2850604023792;17.9210937554179;A;METROSTN;2014-06-03 00:00:00.000;2014-06-03 00:00:00.000
02702;Sätra;2701;59.2850250899923;17.9210564652141;A;METROSTN;2014-06-03 00:00:00.000;2014-06-03 00:00:00.000
02703;Sätra;2701;59.2849742566573;17.9214218523771;A;METROSTN;2014-06-03 00:00:00.000;2014-06-03 00:00:00.000
02704;Sätra;2701;59.2849531824229;17.9216135898457;A;METROSTN;2014-06-03 00:00:00.000;2014-06-03 00:00:00.000
02711;Skärholmen;2711;59.2769904614008;17.9070656617613;A;METROSTN;2014-06-03 00:00:00.000;2014-06-03 00:00:00.000
02712;Skärholmen;2711;59.2769910271436;17.9070306058390;A;METROSTN;2014-06-03 00:00:00.000;2014-06-03 00:00:00.000
02721;Vårberg;2721;59.2759430857457;17.8901054830793;A;METROSTN;2014-06-03 00:00:00.000;2014-06-03 00:00:00.000
02722;Vårberg;2721;59.2759587823212;17.8902468005107;A;METROSTN;2014-06-03 00:00:00.000;2014-06-03 00:00:00.000
02731;Vårby gård;2731;59.2643380474581;17.8847136838613;A;METROSTN;2014-06-03 00:00:00.000;2014-06-03 00:00:00.000
02732;Vårby gård;2731;59.2643929911102;17.8846468762987;A;METROSTN;2014-06-03 00:00:00.000;2014-06-03 00:00:00.000
02741;Masmo;2741;59.2499160692218;17.8813985689491;A;METROSTN;2014-06-03 00:00:00.000;2014-06-03 00:00:00.000
02742;Masmo;2741;59.2499079364721;17.8813454805367;A;METROSTN;2014-06-03 00:00:00.000;2014-06-03 00:00:00.000
02751;Fittja;2751;59.2474292520423;17.8610002461975;A;METROSTN;2014-06-03 00:00:00.000;2014-06-03 00:00:00.000
02752;Fittja;2751;59.2474643057917;17.8610549460239;A;METROSTN;2014-06-03 00:00:00.000;2014-06-03 00:00:00.000
02761;Alby;2761;59.2393860393184;17.8454440837609;A;METROSTN;2014-06-03 00:00:00.000;2014-06-03 00:00:00.000
02762;Alby;2761;59.2393871371967;17.8453740463836;A;METROSTN;2014-06-03 00:00:00.000;2014-06-03 00:00:00.000
02763;Alby;2761;59.2397122881938;17.8452532554863;A;METROSTN;2014-06-03 00:00:00.000;2014-06-03 00:00:00.000
02771;Hallunda;2771;59.2433285243852;17.8252597674357;A;METROSTN;2014-06-03 00:00:00.000;2014-06-03 00:00:00.000
02772;Hallunda;2771;59.2433287961536;17.8252422558522;A;METROSTN;2014-06-03 00:00:00.000;2014-06-03 00:00:00.000
02781;Norsborg;2781;59.2437394272553;17.8155385869142;A;METROSTN;2014-06-03 00:00:00.000;2014-06-03 00:00:00.000
02782;Norsborg;2781;59.2438361207694;17.8145101334601;A;METROSTN;2014-06-03 00:00:00.000;2014-06-03 00:00:00.000
02811;Midsommarkransen;2811;59.3018622871211;18.0119663033992;A;METROSTN;2014-06-03 00:00:00.000;2014-06-03 00:00:00.000
02812;Midsommarkransen;2811;59.3018796328365;18.0120025442611;A;METROSTN;2014-06-03 00:00:00.000;2014-06-03 00:00:00.000
02821;Telefonplan;2821;59.2982482765907;17.9973180997882;A;METROSTN;2014-06-03 00:00:00.000;2014-06-03 00:00:00.000
02822;Telefonplan;2821;59.2982563613465;17.9973712903092;A;METROSTN;2014-06-03 00:00:00.000;2014-06-03 00:00:00.000
02831;Hägerstensåsen;2831;59.2951615223219;17.9784233065016;A;METROSTN;2014-06-03 00:00:00.000;2014-06-03 00:00:00.000
02832;Hägerstensåsen;2831;59.2951788775285;17.9784595232892;A;METROSTN;2014-06-03 00:00:00.000;2014-06-03 00:00:00.000
02841;Västertorp;2841;59.2913516203392;17.9667006809331;A;METROSTN;2014-06-03 00:00:00.000;2014-06-03 00:00:00.000
02842;Västertorp;2841;59.2913602996078;17.9667187843272;A;METROSTN;2014-06-03 00:00:00.000;2014-06-03 00:00:00.000
02851;Fruängen;2851;59.2867578385717;17.9648474589468;A;METROSTN;2014-06-03 00:00:00.000;2014-06-03 00:00:00.000
02852;Fruängen;2851;59.2859192468042;17.9650576024391;A;METROSTN;2014-06-03 00:00:00.000;2014-06-03 00:00:00.000
03031;Kungsträdgården;3031;59.3307821796554;18.0728892526853;A;METROSTN;2014-06-03 00:00:00.000;2014-06-03 00:00:00.000
03032;Kungsträdgården;3031;59.3309374390762;18.0742879543946;A;METROSTN;2014-06-03 00:00:00.000;2014-06-03 00:00:00.000
03051;T-Centralen;1051;59.3323541867834;18.0619921439615;A;METROSTN;2014-06-03 00:00:00.000;2014-06-03 00:00:00.000
03052;T-Centralen;1051;59.3323449133058;18.0620091038496;A;METROSTN;2014-06-03 00:00:00.000;2014-06-03 00:00:00.000
03131;Rådhuset;3131;59.3298618228492;18.0450969466288;A;METROSTN;2014-06-03 00:00:00.000;2014-06-03 00:00:00.000
03132;Rådhuset;3131;59.3298558691777;18.0449208206458;A;METROSTN;2014-06-03 00:00:00.000;2014-06-03 00:00:00.000
03151;Fridhemsplan;1151;59.3329535677108;18.0307834880620;A;METROSTN;2014-06-03 00:00:00.000;2014-06-03 00:00:00.000
03152;Fridhemsplan;1151;59.3329254595986;18.0308519497068;A;METROSTN;2014-06-03 00:00:00.000;2014-06-03 00:00:00.000
03161;Stadshagen;3161;59.3374773661280;18.0155938124890;A;METROSTN;2014-06-03 00:00:00.000;2014-06-03 00:00:00.000
03162;Stadshagen;3161;59.3374214632878;18.0157132213437;A;METROSTN;2014-06-03 00:00:00.000;2014-06-03 00:00:00.000
03201;Västra skogen;3201;59.3480375378972;18.0033743796139;A;METROSTN;2014-06-03 00:00:00.000;2014-06-03 00:00:00.000
03202;Västra skogen;3201;59.3480557737775;18.0033579755113;A;METROSTN;2014-06-03 00:00:00.000;2014-06-03 00:00:00.000
03204;Västra skogen;3201;59.3479729721488;18.0034757023761;A;METROSTN;2014-06-03 00:00:00.000;2014-06-03 00:00:00.000
03211;Solna centrum;3211;59.3597729577538;17.9981001818312;A;METROSTN;2014-06-03 00:00:00.000;2014-06-03 00:00:00.000
03212;Solna centrum;3211;59.3595882420333;17.9984048613743;A;METROSTN;2014-06-03 00:00:00.000;2014-06-03 00:00:00.000
03221;Näckrosen;3221;59.3673205615557;17.9817335216068;A;METROSTN;2014-06-03 00:00:00.000;2014-06-03 00:00:00.000
03222;Näckrosen;3221;59.3673023283251;17.9817499464427;A;METROSTN;2014-06-03 00:00:00.000;2014-06-03 00:00:00.000
03231;Hallonbergen;3231;59.3743278170188;17.9691260920519;A;METROSTN;2014-06-03 00:00:00.000;2014-06-03 00:00:00.000
03232;Hallonbergen;3231;59.3741975713214;17.9693993326049;A;METROSTN;2014-06-03 00:00:00.000;2014-06-03 00:00:00.000
03234;Hallonbergen;3231;59.3746319252720;17.9691982473080;A;METROSTN;2014-06-03 00:00:00.000;2014-06-03 00:00:00.000
03241;Kymlinge norrut;3241;59.3934690552031;17.9669658696651;A;METROSTN;2014-06-03 00:00:00.000;2014-06-03 00:00:00.000
03242;Kymlinge söderut;3242;59.3935756377323;17.9674156535380;A;METROSTN;2014-06-03 00:00:00.000;2014-06-03 00:00:00.000
03251;Kista;3251;59.4029594411987;17.9426683336417;A;METROSTN;2014-06-03 00:00:00.000;2014-06-03 00:00:00.000
03252;Kista;3251;59.4029412127643;17.9426847963992;A;METROSTN;2014-06-03 00:00:00.000;2014-06-03 00:00:00.000
03261;Husby;3261;59.4097176326344;17.9269066053237;A;METROSTN;2014-06-03 00:00:00.000;2014-06-03 00:00:00.000
03262;Husby;3261;59.4097083764210;17.9269236406856;A;METROSTN;2014-06-03 00:00:00.000;2014-06-03 00:00:00.000
03271;Akalla;3271;59.4135751526267;17.9171595033746;A;METROSTN;2014-06-03 00:00:00.000;2014-06-03 00:00:00.000
03272;Akalla;3271;59.4140350627048;17.9175933082405;A;METROSTN;2014-06-03 00:00:00.000;2014-06-03 00:00:00.000
03273;Akalla uppställning;3273;59.4151041811442;17.9142245876268;A;METROSTN;2014-06-03 00:00:00.000;2014-06-03 00:00:00.000
03411;Huvudsta;3411;59.3497132209047;17.9870070274309;A;METROSTN;2014-06-03 00:00:00.000;2014-06-03 00:00:00.000
03412;Huvudsta;3411;59.3497424816721;17.9868682374517;A;METROSTN;2014-06-03 00:00:00.000;2014-06-03 00:00:00.000
03421;Solna strand;3421;59.3543425137782;17.9737982007029;A;METROSTN;2014-08-18 00:00:00.000;2014-08-18 00:00:00.000
03422;Solna strand;3421;59.3543607460294;17.9737817776856;A;METROSTN;2014-08-18 00:00:00.000;2014-08-18 00:00:00.000
03431;Sundbybergs centrum;3431;59.3605690848517;17.9730344872092;A;METROSTN;2014-06-03 00:00:00.000;2014-06-03 00:00:00.000
03432;Sundbybergs centrum;3431;59.3604973242179;17.9730299115249;A;METROSTN;2014-06-03 00:00:00.000;2014-06-03 00:00:00.000
03441;Duvbo;3441;59.3680793953108;17.9630809873331;A;METROSTN;2014-06-03 00:00:00.000;2014-06-03 00:00:00.000
03442;Duvbo;3441;59.3681560976105;17.9627867800152;A;METROSTN;2014-06-03 00:00:00.000;2014-06-03 00:00:00.000
03451;Rissne;3451;59.3759873132034;17.9397923648635;A;METROSTN;2014-06-03 00:00:00.000;2014-06-03 00:00:00.000
03452;Rissne;3451;59.3759780553804;17.9398093799566;A;METROSTN;2014-06-03 00:00:00.000;2014-06-03 00:00:00.000
03461;Rinkeby;3461;59.3881298077025;17.9280926120175;A;METROSTN;2014-06-03 00:00:00.000;2014-06-03 00:00:00.000
03462;Rinkeby;3461;59.3881110090001;17.9281442457099;A;METROSTN;2014-06-03 00:00:00.000;2014-06-03 00:00:00.000
03464;Rinkeby;3461;59.3882307692068;17.9279580990992;A;METROSTN;2014-06-03 00:00:00.000;2014-06-03 00:00:00.000
03471;Tensta;3471;59.3942868176953;17.9027198957965;A;METROSTN;2014-06-03 00:00:00.000;2014-06-03 00:00:00.000
03472;Tensta;3471;59.3943159899620;17.9025808499041;A;METROSTN;2014-06-03 00:00:00.000;2014-06-03 00:00:00.000
03481;Hjulsta;3481;59.3975010137794;17.8892901779774;A;METROSTN;2014-06-03 00:00:00.000;2014-06-03 00:00:00.000
03482;Hjulsta;3481;59.3967287216497;17.8887321622357;A;METROSTN;2014-06-03 00:00:00.000;2014-06-03 00:00:00.000
